Timestamp,Human readable date,daily,Context
1635382920539,2021-10-28 01:02:00,54.0,b'{}'
1635375625334,2021-10-27 23:00:25,44.0,b'{}'
1635368493029,2021-10-27 21:01:33,14.0,b'{}'
1635365040346,2021-10-27 20:04:00,13.0,b'{}'
1635357892799,2021-10-27 18:04:52,4.0,b'{}'
1635354285974,2021-10-27 17:04:45,2.0,b'{}'
1635296424308,2021-10-27 01:00:24,24.0,b'{}'
1635292813444,2021-10-27 00:00:13,18.0,b'{}'
1635285628675,2021-10-26 22:00:28,8.0,b'{}'
1635278408526,2021-10-26 20:00:08,2.0,b'{}'
1635271265352,2021-10-26 18:01:05,1.0,b'{}'
1635267621357,2021-10-26 17:00:21,1.0,b'{}'
1635264099598,2021-10-26 16:01:39,0.0,b'{}'
1635206615064,2021-10-26 00:03:35,6.0,b'{}'
1635202836778,2021-10-25 23:00:36,5.0,b'{}'
1635195708458,2021-10-25 21:01:48,4.0,b'{}'
1635192148246,2021-10-25 20:02:28,2.0,b'{}'
1635188569367,2021-10-25 19:02:49,1.0,b'{}'
1635185090261,2021-10-25 18:04:50,0.0,b'{}'
1635181382145,2021-10-25 17:03:02,0.0,b'{}'
1635177711245,2021-10-25 16:01:51,0.0,b'{}'
1635102263398,2021-10-24 19:04:23,0.0,b'{}'
1635098481345,2021-10-24 18:01:21,0.0,b'{}'
1635094838689,2021-10-24 17:00:38,0.0,b'{}'
1635091261843,2021-10-24 16:01:01,0.0,b'{}'
1635087665010,2021-10-24 15:01:05,0.0,b'{}'
1635084037633,2021-10-24 14:00:37,0.0,b'{}'
1635080435461,2021-10-24 13:00:35,0.0,b'{}'
1635076887307,2021-10-24 12:01:27,0.0,b'{}'
1635073361216,2021-10-24 11:02:41,0.0,b'{}'
Timestamp,Human readable date,daily,Context
1635379147000,2021-10-27 23:59:07,126.0,b'{}'
1635375552000,2021-10-27 22:59:12,104.0,b'{}'
1635371987000,2021-10-27 21:59:47,92.0,b'{}'
1635368083000,2021-10-27 20:54:43,75.0,b'{}'
1635364584000,2021-10-27 19:56:24,57.0,b'{}'
1635360900000,2021-10-27 18:55:00,45.0,b'{}'
1635357491000,2021-10-27 17:58:11,28.0,b'{}'
1635353267000,2021-10-27 16:47:47,17.0,b'{}'
1635347238000,2021-10-27 15:07:18,9.0,b'{}'
1635346765000,2021-10-27 14:59:25,2.0,b'{}'
1635343200000,2021-10-27 14:00:00,0.0,b'{}'
1635339600000,2021-10-27 13:00:00,0.0,b'{}'
1635336000000,2021-10-27 12:00:00,0.0,b'{}'
1635332520000,2021-10-27 11:02:00,0.0,b'{}'
1635328801000,2021-10-27 10:00:01,0.0,b'{}'
1635325201000,2021-10-27 09:00:01,0.0,b'{}'
1635321601000,2021-10-27 08:00:01,0.0,b'{}'
1635318001000,2021-10-27 07:00:01,0.0,b'{}'
1635314401000,2021-10-27 06:00:01,209.0,b'{}'
1635310801000,2021-10-27 05:00:01,209.0,b'{}'
1635300261000,2021-10-27 02:04:21,206.0,b'{}'
1635299773000,2021-10-27 01:56:13,204.0,b'{}'
1635295449000,2021-10-27 00:44:09,196.0,b'{}'
1635292793000,2021-10-26 23:59:53,172.0,b'{}'
1635288981000,2021-10-26 22:56:21,156.0,b'{}'
1635285468000,2021-10-26 21:57:48,114.0,b'{}'
1635281344000,2021-10-26 20:49:04,89.0,b'{}'
1635277031000,2021-10-26 19:37:11,72.0,b'{}'
1635274438000,2021-10-26 18:53:58,49.0,b'{}'
1635271007000,2021-10-26 17:56:47,31.0,b'{}'
1635267037000,2021-10-26 16:50:37,21.0,b'{}'
1635262337000,2021-10-26 15:32:17,11.0,b'{}'
1635260171000,2021-10-26 14:56:11,8.0,b'{}'
1635256660000,2021-10-26 13:57:40,4.0,b'{}'
1635253201000,2021-10-26 13:00:01,0.0,b'{}'
1635249600000,2021-10-26 12:00:00,0.0,b'{}'
1635246001000,2021-10-26 11:00:01,0.0,b'{}'
1635242400000,2021-10-26 10:00:00,0.0,b'{}'
1635238801000,2021-10-26 09:00:01,0.0,b'{}'
1635235201000,2021-10-26 08:00:01,0.0,b'{}'
1635231601000,2021-10-26 07:00:01,0.0,b'{}'
1635228000000,2021-10-26 06:00:00,116.0,b'{}'
1635224401000,2021-10-26 05:00:01,116.0,b'{}'
1635220801000,2021-10-26 04:00:01,116.0,b'{}'
1635217201000,2021-10-26 03:00:01,116.0,b'{}'
1635212349000,2021-10-26 01:39:09,116.0,b'{}'
1635209798000,2021-10-26 00:56:38,92.0,b'{}'
1635206269000,2021-10-25 23:57:49,70.0,b'{}'
1635202473000,2021-10-25 22:54:33,46.0,b'{}'
1635199200000,2021-10-25 22:00:00,32.0,b'{}'
1635194400000,2021-10-25 20:40:00,32.0,b'{}'
1635191570000,2021-10-25 19:52:50,22.0,b'{}'
1635187654000,2021-10-25 18:47:34,17.0,b'{}'
1635184502000,2021-10-25 17:55:02,10.0,b'{}'
1635181201000,2021-10-25 17:00:01,1.0,b'{}'
1635176282000,2021-10-25 15:38:02,1.0,b'{}'
1635174001000,2021-10-25 15:00:01,0.0,b'{}'
1635170401000,2021-10-25 14:00:01,0.0,b'{}'
1635166800000,2021-10-25 13:00:00,0.0,b'{}'
1635163201000,2021-10-25 12:00:01,0.0,b'{}'
1635159600000,2021-10-25 11:00:00,0.0,b'{}'
1635156001000,2021-10-25 10:00:01,0.0,b'{}'
1635152401000,2021-10-25 09:00:01,0.0,b'{}'
1635148800000,2021-10-25 08:00:00,0.0,b'{}'
1635145201000,2021-10-25 07:00:01,0.0,b'{}'
1635141601000,2021-10-25 06:00:01,37.0,b'{}'
1635138000000,2021-10-25 05:00:00,37.0,b'{}'
1635134401000,2021-10-25 04:00:01,37.0,b'{}'
1635130800000,2021-10-25 03:00:00,37.0,b'{}'
1635123989000,2021-10-25 01:06:29,37.0,b'{}'
1635123091000,2021-10-25 00:51:31,36.0,b'{}'
1635120000000,2021-10-25 00:00:00,28.0,b'{}'
1635116401000,2021-10-24 23:00:01,28.0,b'{}'
1635112801000,2021-10-24 22:00:01,28.0,b'{}'
1635108918000,2021-10-24 20:55:18,28.0,b'{}'
1635105277000,2021-10-24 19:54:37,24.0,b'{}'
1635100686000,2021-10-24 18:38:06,20.0,b'{}'
1635098359000,2021-10-24 17:59:19,13.0,b'{}'
1635094784000,2021-10-24 16:59:44,7.0,b'{}'
1635090618000,2021-10-24 15:50:18,2.0,b'{}'
1635087600000,2021-10-24 15:00:00,0.0,b'{}'
1635084001000,2021-10-24 14:00:01,0.0,b'{}'
1635080401000,2021-10-24 13:00:01,0.0,b'{}'
1635076801000,2021-10-24 12:00:01,0.0,b'{}'
1635073200000,2021-10-24 11:00:00,0.0,b'{}'
1635069601000,2021-10-24 10:00:01,0.0,b'{}'
1635066001000,2021-10-24 09:00:01,0.0,b'{}'
1635062400000,2021-10-24 08:00:00,0.0,b'{}'
1635058800000,2021-10-24 07:00:00,0.0,b'{}'
1635053024000,2021-10-24 05:23:44,604.0,b'{}'
1635051600000,2021-10-24 05:00:00,597.0,b'{}'
1635048001000,2021-10-24 04:00:01,597.0,b'{}'
1635041828000,2021-10-24 02:17:08,597.0,b'{}'
Timestamp,Human readable date,daily,Context
1635385876000,2021-10-28 01:51:16,114.0,b'{}'
1635382211000,2021-10-28 00:50:11,91.0,b'{}'
1635379127000,2021-10-27 23:58:47,61.0,b'{}'
1635375063000,2021-10-27 22:51:03,46.0,b'{}'
1635371914000,2021-10-27 21:58:34,39.0,b'{}'
1635367984000,2021-10-27 20:53:04,35.0,b'{}'
1635364542000,2021-10-27 19:55:42,29.0,b'{}'
1635359488000,2021-10-27 18:31:28,23.0,b'{}'
1635357577000,2021-10-27 17:59:37,19.0,b'{}'
1635351701000,2021-10-27 16:21:41,11.0,b'{}'
1635347839000,2021-10-27 15:17:19,4.0,b'{}'
1635346493000,2021-10-27 14:54:53,2.0,b'{}'
1635343201000,2021-10-27 14:00:01,0.0,b'{}'
1635339601000,2021-10-27 13:00:01,0.0,b'{}'
1635336000000,2021-10-27 12:00:00,0.0,b'{}'
1635306921000,2021-10-27 03:55:21,56.0,b'{}'
1635301027000,2021-10-27 02:17:07,55.0,b'{}'
1635299543000,2021-10-27 01:52:23,54.0,b'{}'
1635296276000,2021-10-27 00:57:56,45.0,b'{}'
1635291772000,2021-10-26 23:42:52,39.0,b'{}'
1635289067000,2021-10-26 22:57:47,25.0,b'{}'
1635285392000,2021-10-26 21:56:32,12.0,b'{}'
1635281892000,2021-10-26 20:58:12,6.0,b'{}'
1635278401000,2021-10-26 20:00:01,0.0,b'{}'
1635274801000,2021-10-26 19:00:01,0.0,b'{}'
1635271201000,2021-10-26 18:00:01,0.0,b'{}'
1635267601000,2021-10-26 17:00:01,0.0,b'{}'
1635264000000,2021-10-26 16:00:00,0.0,b'{}'
1635260401000,2021-10-26 15:00:01,0.0,b'{}'
1635256800000,2021-10-26 14:00:00,0.0,b'{}'
1635253201000,2021-10-26 13:00:01,0.0,b'{}'
1635249601000,2021-10-26 12:00:01,0.0,b'{}'
1635217201000,2021-10-26 03:00:01,0.0,b'{}'
1635213601000,2021-10-26 02:00:01,0.0,b'{}'
1635210001000,2021-10-26 01:00:01,0.0,b'{}'
1635206401000,2021-10-26 00:00:01,0.0,b'{}'
1635202800000,2021-10-25 23:00:00,0.0,b'{}'
1635199200000,2021-10-25 22:00:00,0.0,b'{}'
1635195601000,2021-10-25 21:00:01,0.0,b'{}'
1635192001000,2021-10-25 20:00:01,0.0,b'{}'
1635188401000,2021-10-25 19:00:01,0.0,b'{}'
1635184801000,2021-10-25 18:00:01,0.0,b'{}'
1635181200000,2021-10-25 17:00:00,0.0,b'{}'
1635177600000,2021-10-25 16:00:00,0.0,b'{}'
1635174001000,2021-10-25 15:00:01,0.0,b'{}'
1635170400000,2021-10-25 14:00:00,0.0,b'{}'
1635166801000,2021-10-25 13:00:01,0.0,b'{}'
1635163201000,2021-10-25 12:00:01,0.0,b'{}'
1635130801000,2021-10-25 03:00:01,0.0,b'{}'
1635127201000,2021-10-25 02:00:01,0.0,b'{}'
1635123601000,2021-10-25 01:00:01,0.0,b'{}'
1635120000000,2021-10-25 00:00:00,0.0,b'{}'
1635116401000,2021-10-24 23:00:01,0.0,b'{}'
1635112800000,2021-10-24 22:00:00,0.0,b'{}'
1635109201000,2021-10-24 21:00:01,0.0,b'{}'
1635105601000,2021-10-24 20:00:01,0.0,b'{}'
1635102000000,2021-10-24 19:00:00,0.0,b'{}'
1635098400000,2021-10-24 18:00:00,0.0,b'{}'
1635094801000,2021-10-24 17:00:01,0.0,b'{}'
1635091201000,2021-10-24 16:00:01,0.0,b'{}'
1635087600000,2021-10-24 15:00:00,0.0,b'{}'
1635084001000,2021-10-24 14:00:01,0.0,b'{}'
1635080401000,2021-10-24 13:00:01,0.0,b'{}'
1635076800000,2021-10-24 12:00:00,0.0,b'{}'
1635044400000,2021-10-24 03:00:00,0.0,b'{}'
Timestamp,Human readable date,daily,Context
1635385545000,2021-10-28 01:45:45,131.0,b'{}'
1635381736000,2021-10-28 00:42:16,119.0,b'{}'
1635379111000,2021-10-27 23:58:31,100.0,b'{}'
1635375085000,2021-10-27 22:51:25,74.0,b'{}'
1635371766000,2021-10-27 21:56:06,57.0,b'{}'
1635368317000,2021-10-27 20:58:37,28.0,b'{}'
1635362769000,2021-10-27 19:26:09,15.0,b'{}'
1635360372000,2021-10-27 18:46:12,9.0,b'{}'
1635356017000,2021-10-27 17:33:37,7.0,b'{}'
1635353963000,2021-10-27 16:59:23,5.0,b'{}'
1635347169000,2021-10-27 15:06:09,2.0,b'{}'
1635346483000,2021-10-27 14:54:43,1.0,b'{}'
1635343201000,2021-10-27 14:00:01,0.0,b'{}'
1635339600000,2021-10-27 13:00:00,0.0,b'{}'
1635336000000,2021-10-27 12:00:00,0.0,b'{}'
1635332401000,2021-10-27 11:00:01,0.0,b'{}'
1635328801000,2021-10-27 10:00:01,0.0,b'{}'
1635325201000,2021-10-27 09:00:01,0.0,b'{}'
1635321601000,2021-10-27 08:00:01,0.0,b'{}'
1635318001000,2021-10-27 07:00:01,0.0,b'{}'
1635314401000,2021-10-27 06:00:01,125.0,b'{}'
1635310801000,2021-10-27 05:00:01,125.0,b'{}'
1635307201000,2021-10-27 04:00:01,125.0,b'{}'
1635301819000,2021-10-27 02:30:19,125.0,b'{}'
1635299560000,2021-10-27 01:52:40,121.0,b'{}'
1635296344000,2021-10-27 00:59:04,107.0,b'{}'
1635292795000,2021-10-26 23:59:55,86.0,b'{}'
1635288377000,2021-10-26 22:46:17,49.0,b'{}'
1635285321000,2021-10-26 21:55:21,44.0,b'{}'
1635281915000,2021-10-26 20:58:35,36.0,b'{}'
1635278388000,2021-10-26 19:59:48,26.0,b'{}'
1635273349000,2021-10-26 18:35:49,17.0,b'{}'
1635269712000,2021-10-26 17:35:12,16.0,b'{}'
1635266752000,2021-10-26 16:45:52,14.0,b'{}'
1635263704000,2021-10-26 15:55:04,12.0,b'{}'
1635259915000,2021-10-26 14:51:55,8.0,b'{}'
1635256801000,2021-10-26 14:00:01,0.0,b'{}'
1635253200000,2021-10-26 13:00:00,0.0,b'{}'
1635249601000,2021-10-26 12:00:01,0.0,b'{}'
1635246001000,2021-10-26 11:00:01,0.0,b'{}'
1635242400000,2021-10-26 10:00:00,0.0,b'{}'
1635238801000,2021-10-26 09:00:01,0.0,b'{}'
1635235201000,2021-10-26 08:00:01,0.0,b'{}'
1635231601000,2021-10-26 07:00:01,0.0,b'{}'
1635228001000,2021-10-26 06:00:01,121.0,b'{}'
1635224401000,2021-10-26 05:00:01,121.0,b'{}'
1635220801000,2021-10-26 04:00:01,121.0,b'{}'
1635216218000,2021-10-26 02:43:38,121.0,b'{}'
1635213430000,2021-10-26 01:57:10,119.0,b'{}'
1635209644000,2021-10-26 00:54:04,99.0,b'{}'
1635206375000,2021-10-25 23:59:35,77.0,b'{}'
1635202628000,2021-10-25 22:57:08,52.0,b'{}'
1635198812000,2021-10-25 21:53:32,26.0,b'{}'
1635195472000,2021-10-25 20:57:52,21.0,b'{}'
1635191322000,2021-10-25 19:48:42,16.0,b'{}'
1635188238000,2021-10-25 18:57:18,10.0,b'{}'
1635183171000,2021-10-25 17:32:51,5.0,b'{}'
1635181201000,2021-10-25 17:00:01,4.0,b'{}'
1635177600000,2021-10-25 16:00:00,4.0,b'{}'
1635172551000,2021-10-25 14:35:51,4.0,b'{}'
1635170401000,2021-10-25 14:00:01,0.0,b'{}'
1635166801000,2021-10-25 13:00:01,0.0,b'{}'
1635163201000,2021-10-25 12:00:01,0.0,b'{}'
1635159601000,2021-10-25 11:00:01,0.0,b'{}'
1635156000000,2021-10-25 10:00:00,0.0,b'{}'
1635152401000,2021-10-25 09:00:01,0.0,b'{}'
1635148801000,2021-10-25 08:00:01,0.0,b'{}'
1635145201000,2021-10-25 07:00:01,0.0,b'{}'
1635141600000,2021-10-25 06:00:00,25.0,b'{}'
1635138000000,2021-10-25 05:00:00,25.0,b'{}'
1635134401000,2021-10-25 04:00:01,25.0,b'{}'
1635130801000,2021-10-25 03:00:01,25.0,b'{}'
1635124305000,2021-10-25 01:11:45,25.0,b'{}'
1635123601000,2021-10-25 01:00:01,23.0,b'{}'
1635120001000,2021-10-25 00:00:01,23.0,b'{}'
1635116401000,2021-10-24 23:00:01,23.0,b'{}'
1635112801000,2021-10-24 22:00:01,23.0,b'{}'
1635106241000,2021-10-24 20:10:41,23.0,b'{}'
1635104934000,2021-10-24 19:48:54,22.0,b'{}'
1635101656000,2021-10-24 18:54:16,9.0,b'{}'
1635095472000,2021-10-24 17:11:12,4.0,b'{}'
1635094801000,2021-10-24 17:00:01,1.0,b'{}'
1635088040000,2021-10-24 15:07:20,1.0,b'{}'
1635087600000,2021-10-24 15:00:00,0.0,b'{}'
1635084001000,2021-10-24 14:00:01,0.0,b'{}'
1635080401000,2021-10-24 13:00:01,0.0,b'{}'
1635076800000,2021-10-24 12:00:00,0.0,b'{}'
1635073200000,2021-10-24 11:00:00,0.0,b'{}'
1635069601000,2021-10-24 10:00:01,0.0,b'{}'
1635066000000,2021-10-24 09:00:00,0.0,b'{}'
1635062401000,2021-10-24 08:00:01,0.0,b'{}'
1635058801000,2021-10-24 07:00:01,0.0,b'{}'
1635055200000,2021-10-24 06:00:00,195.0,b'{}'
1635051601000,2021-10-24 05:00:01,195.0,b'{}'
1635048000000,2021-10-24 04:00:00,195.0,b'{}'
1635043427000,2021-10-24 02:43:47,195.0,b'{}'
Timestamp,Human readable date,daily,Context
1635385585000,2021-10-28 01:46:25,54.0,b'{}'
1635382601000,2021-10-28 00:56:41,49.0,b'{}'
1635378891000,2021-10-27 23:54:51,37.0,b'{}'
1635372903000,2021-10-27 22:15:03,34.0,b'{}'
1635372000000,2021-10-27 22:00:00,31.0,b'{}'
1635367660000,2021-10-27 20:47:40,31.0,b'{}'
1635362896000,2021-10-27 19:28:16,29.0,b'{}'
1635360946000,2021-10-27 18:55:46,25.0,b'{}'
1635357561000,2021-10-27 17:59:21,17.0,b'{}'
1635353945000,2021-10-27 16:59:05,11.0,b'{}'
1635349448000,2021-10-27 15:44:08,3.0,b'{}'
1635346800000,2021-10-27 15:00:00,2.0,b'{}'
1635343200000,2021-10-27 14:00:00,2.0,b'{}'
1635339600000,2021-10-27 13:00:00,2.0,b'{}'
1635335085000,2021-10-27 11:44:45,2.0,b'{}'
1635332400000,2021-10-27 11:00:00,0.0,b'{}'
1635328801000,2021-10-27 10:00:01,0.0,b'{}'
1635325200000,2021-10-27 09:00:00,0.0,b'{}'
1635321600000,2021-10-27 08:00:00,0.0,b'{}'
1635318000000,2021-10-27 07:00:00,0.0,b'{}'
1635314400000,2021-10-27 06:00:00,0.0,b'{}'
1635310801000,2021-10-27 05:00:01,43.0,b'{}'
1635307201000,2021-10-27 04:00:01,43.0,b'{}'
1635303600000,2021-10-27 03:00:00,43.0,b'{}'
1635299544000,2021-10-27 01:52:24,43.0,b'{}'
1635296081000,2021-10-27 00:54:41,39.0,b'{}'
1635290932000,2021-10-26 23:28:52,31.0,b'{}'
1635289201000,2021-10-26 23:00:01,29.0,b'{}'
1635285271000,2021-10-26 21:54:31,29.0,b'{}'
1635281124000,2021-10-26 20:45:24,23.0,b'{}'
1635277296000,2021-10-26 19:41:36,16.0,b'{}'
1635273581000,2021-10-26 18:39:41,13.0,b'{}'
1635270024000,2021-10-26 17:40:24,11.0,b'{}'
1635267454000,2021-10-26 16:57:34,7.0,b'{}'
1635263830000,2021-10-26 15:57:10,2.0,b'{}'
1635258973000,2021-10-26 14:36:13,1.0,b'{}'
1635256801000,2021-10-26 14:00:01,0.0,b'{}'
1635253201000,2021-10-26 13:00:01,0.0,b'{}'
1635249601000,2021-10-26 12:00:01,0.0,b'{}'
1635246000000,2021-10-26 11:00:00,0.0,b'{}'
1635242400000,2021-10-26 10:00:00,0.0,b'{}'
1635238800000,2021-10-26 09:00:00,0.0,b'{}'
1635235200000,2021-10-26 08:00:00,0.0,b'{}'
1635231600000,2021-10-26 07:00:00,0.0,b'{}'
1635228001000,2021-10-26 06:00:01,0.0,b'{}'
1635224401000,2021-10-26 05:00:01,24.0,b'{}'
1635220800000,2021-10-26 04:00:00,24.0,b'{}'
1635214348000,2021-10-26 02:12:28,24.0,b'{}'
1635212242000,2021-10-26 01:37:22,22.0,b'{}'
1635208872000,2021-10-26 00:41:12,20.0,b'{}'
1635204985000,2021-10-25 23:36:25,16.0,b'{}'
1635202090000,2021-10-25 22:48:10,15.0,b'{}'
1635199201000,2021-10-25 22:00:01,14.0,b'{}'
1635193636000,2021-10-25 20:27:16,14.0,b'{}'
1635191827000,2021-10-25 19:57:07,12.0,b'{}'
1635188400000,2021-10-25 19:00:00,6.0,b'{}'
1635188379000,2021-10-25 18:59:39,6.0,b'{}'
1635188145000,2021-10-25 18:55:45,6.0,b'{}'
1635184232000,2021-10-25 17:50:32,4.0,b'{}'
1635180134000,2021-10-25 16:42:14,2.0,b'{}'
1635177600000,2021-10-25 16:00:00,0.0,b'{}'
1635174001000,2021-10-25 15:00:01,0.0,b'{}'
1635170400000,2021-10-25 14:00:00,0.0,b'{}'
1635166801000,2021-10-25 13:00:01,0.0,b'{}'
1635163201000,2021-10-25 12:00:01,0.0,b'{}'
1635159601000,2021-10-25 11:00:01,0.0,b'{}'
1635156001000,2021-10-25 10:00:01,0.0,b'{}'
1635152401000,2021-10-25 09:00:01,0.0,b'{}'
1635148801000,2021-10-25 08:00:01,0.0,b'{}'
1635145201000,2021-10-25 07:00:01,0.0,b'{}'
1635141601000,2021-10-25 06:00:01,0.0,b'{}'
1635138001000,2021-10-25 05:00:01,11.0,b'{}'
1635134400000,2021-10-25 04:00:00,11.0,b'{}'
1635130801000,2021-10-25 03:00:01,11.0,b'{}'
1635127201000,2021-10-25 02:00:01,11.0,b'{}'
1635123601000,2021-10-25 01:00:01,11.0,b'{}'
1635120000000,2021-10-25 00:00:00,11.0,b'{}'
1635116400000,2021-10-24 23:00:00,11.0,b'{}'
1635112800000,2021-10-24 22:00:00,11.0,b'{}'
1635109201000,2021-10-24 21:00:01,11.0,b'{}'
1635103375000,2021-10-24 19:22:55,11.0,b'{}'
1635101104000,2021-10-24 18:45:04,9.0,b'{}'
1635097809000,2021-10-24 17:50:09,7.0,b'{}'
1635094524000,2021-10-24 16:55:24,5.0,b'{}'
1635091200000,2021-10-24 16:00:00,1.0,b'{}'
1635087199000,2021-10-24 14:53:19,1.0,b'{}'
1635084001000,2021-10-24 14:00:01,0.0,b'{}'
1635080401000,2021-10-24 13:00:01,0.0,b'{}'
1635076800000,2021-10-24 12:00:00,0.0,b'{}'
1635073201000,2021-10-24 11:00:01,0.0,b'{}'
1635069600000,2021-10-24 10:00:00,0.0,b'{}'
1635066001000,2021-10-24 09:00:01,0.0,b'{}'
1635062400000,2021-10-24 08:00:00,0.0,b'{}'
1635058800000,2021-10-24 07:00:00,0.0,b'{}'
1635055200000,2021-10-24 06:00:00,0.0,b'{}'
1635051601000,2021-10-24 05:00:01,169.0,b'{}'
1635048001000,2021-10-24 04:00:01,169.0,b'{}'
1635043587000,2021-10-24 02:46:27,169.0,b'{}'
Timestamp,Human readable date,daily,Context
1635383326000,2021-10-28 01:08:46,31.0,b'{}'
1635379480000,2021-10-28 00:04:40,29.0,b'{}'
1635378143000,2021-10-27 23:42:23,28.0,b'{}'
1635373957000,2021-10-27 22:32:37,23.0,b'{}'
1635371597000,2021-10-27 21:53:17,20.0,b'{}'
1635368039000,2021-10-27 20:53:59,14.0,b'{}'
1635362084000,2021-10-27 19:14:44,7.0,b'{}'
1635359161000,2021-10-27 18:26:01,5.0,b'{}'
1635356863000,2021-10-27 17:47:43,3.0,b'{}'
1635354000000,2021-10-27 17:00:00,1.0,b'{}'
1635348772000,2021-10-27 15:32:52,1.0,b'{}'
1635346801000,2021-10-27 15:00:01,0.0,b'{}'
1635343201000,2021-10-27 14:00:01,0.0,b'{}'
1635339601000,2021-10-27 13:00:01,0.0,b'{}'
1635303601000,2021-10-27 03:00:01,8.0,b'{}'
1635300001000,2021-10-27 02:00:01,8.0,b'{}'
1635292837000,2021-10-27 00:00:37,8.0,b'{}'
1635292801000,2021-10-27 00:00:01,7.0,b'{}'
1635287012000,2021-10-26 22:23:32,7.0,b'{}'
1635285601000,2021-10-26 22:00:01,6.0,b'{}'
1635281605000,2021-10-26 20:53:25,6.0,b'{}'
1635278352000,2021-10-26 19:59:12,3.0,b'{}'
1635272870000,2021-10-26 18:27:50,1.0,b'{}'
1635271201000,2021-10-26 18:00:01,0.0,b'{}'
1635267601000,2021-10-26 17:00:01,0.0,b'{}'
1635264000000,2021-10-26 16:00:00,0.0,b'{}'
1635260401000,2021-10-26 15:00:01,0.0,b'{}'
1635256800000,2021-10-26 14:00:00,0.0,b'{}'
1635253200000,2021-10-26 13:00:00,0.0,b'{}'
1635217200000,2021-10-26 03:00:00,2.0,b'{}'
1635213601000,2021-10-26 02:00:01,2.0,b'{}'
1635210001000,2021-10-26 01:00:01,2.0,b'{}'
1635202822000,2021-10-25 23:00:22,2.0,b'{}'
1635202801000,2021-10-25 23:00:01,0.0,b'{}'
1635199201000,2021-10-25 22:00:01,0.0,b'{}'
1635195601000,2021-10-25 21:00:01,0.0,b'{}'
1635192001000,2021-10-25 20:00:01,0.0,b'{}'
1635188401000,2021-10-25 19:00:01,0.0,b'{}'
1635184801000,2021-10-25 18:00:01,0.0,b'{}'
1635181200000,2021-10-25 17:00:00,0.0,b'{}'
1635177600000,2021-10-25 16:00:00,0.0,b'{}'
1635174001000,2021-10-25 15:00:01,0.0,b'{}'
1635170401000,2021-10-25 14:00:01,0.0,b'{}'
1635166801000,2021-10-25 13:00:01,0.0,b'{}'
1635130801000,2021-10-25 03:00:01,1.0,b'{}'
1635127200000,2021-10-25 02:00:00,1.0,b'{}'
1635123601000,2021-10-25 01:00:01,1.0,b'{}'
1635120000000,2021-10-25 00:00:00,1.0,b'{}'
1635116400000,2021-10-24 23:00:00,1.0,b'{}'
1635112801000,2021-10-24 22:00:01,1.0,b'{}'
1635109200000,2021-10-24 21:00:00,1.0,b'{}'
1635105600000,2021-10-24 20:00:00,1.0,b'{}'
1635102001000,2021-10-24 19:00:01,1.0,b'{}'
1635098400000,2021-10-24 18:00:00,1.0,b'{}'
1635094800000,2021-10-24 17:00:00,1.0,b'{}'
1635087636000,2021-10-24 15:00:36,1.0,b'{}'
1635087601000,2021-10-24 15:00:01,0.0,b'{}'
1635084000000,2021-10-24 14:00:00,0.0,b'{}'
1635080401000,2021-10-24 13:00:01,0.0,b'{}'
1635044401000,2021-10-24 03:00:01,221.0,b'{}'
Timestamp,Human readable date,daily,Context
1635386414827,2021-10-28 02:00:14,84.0,b'{}'
1635382815623,2021-10-28 01:00:15,73.0,b'{}'
1635379214118,2021-10-28 00:00:14,62.0,b'{}'
1635375616874,2021-10-27 23:00:16,52.0,b'{}'
1635372016174,2021-10-27 22:00:16,46.0,b'{}'
1635368415574,2021-10-27 21:00:15,42.0,b'{}'
1635364816157,2021-10-27 20:00:16,36.0,b'{}'
1635361219669,2021-10-27 19:00:19,34.0,b'{}'
1635357616203,2021-10-27 18:00:16,17.0,b'{}'
1635354016757,2021-10-27 17:00:16,15.0,b'{}'
1635350414189,2021-10-27 16:00:14,13.0,b'{}'
1635346820532,2021-10-27 15:00:20,6.0,b'{}'
1635343221477,2021-10-27 14:00:21,1.0,b'{}'
1635339620280,2021-10-27 13:00:20,1.0,b'{}'
1635336026142,2021-10-27 12:00:26,1.0,b'{}'
1635332422491,2021-10-27 11:00:22,1.0,b'{}'
1635328815551,2021-10-27 10:00:15,1.0,b'{}'
1635325221833,2021-10-27 09:00:21,0.0,b'{}'
1635321622592,2021-10-27 08:00:22,0.0,b'{}'
1635318023122,2021-10-27 07:00:23,0.0,b'{}'
1635314424159,2021-10-27 06:00:24,0.0,b'{}'
1635310823138,2021-10-27 05:00:23,0.0,b'{}'
1635307222532,2021-10-27 04:00:22,0.0,b'{}'
1635303619968,2021-10-27 03:00:19,57.0,b'{}'
1635300014845,2021-10-27 02:00:14,57.0,b'{}'
1635296413728,2021-10-27 01:00:13,56.0,b'{}'
1635292816096,2021-10-27 00:00:16,48.0,b'{}'
1635289215480,2021-10-26 23:00:15,43.0,b'{}'
1635285621833,2021-10-26 22:00:21,36.0,b'{}'
1635282016702,2021-10-26 21:00:16,34.0,b'{}'
1635278416213,2021-10-26 20:00:16,27.0,b'{}'
1635274821998,2021-10-26 19:00:21,24.0,b'{}'
1635271217421,2021-10-26 18:00:17,22.0,b'{}'
1635267616771,2021-10-26 17:00:16,17.0,b'{}'
1635264017582,2021-10-26 16:00:17,11.0,b'{}'
1635260418164,2021-10-26 15:00:18,7.0,b'{}'
1635256817332,2021-10-26 14:00:17,4.0,b'{}'
1635253218006,2021-10-26 13:00:18,1.0,b'{}'
1635249628101,2021-10-26 12:00:28,0.0,b'{}'
1635246023136,2021-10-26 11:00:23,0.0,b'{}'
1635242422690,2021-10-26 10:00:22,0.0,b'{}'
1635238824790,2021-10-26 09:00:24,0.0,b'{}'
1635235230319,2021-10-26 08:00:30,0.0,b'{}'
1635231624470,2021-10-26 07:00:24,0.0,b'{}'
1635228023836,2021-10-26 06:00:23,0.0,b'{}'
1635224424516,2021-10-26 05:00:24,0.0,b'{}'
1635220825140,2021-10-26 04:00:25,0.0,b'{}'
1635217218615,2021-10-26 03:00:18,40.0,b'{}'
1635213618734,2021-10-26 02:00:18,38.0,b'{}'
1635210019661,2021-10-26 01:00:19,37.0,b'{}'
1635206419261,2021-10-26 00:00:19,34.0,b'{}'
1635202817307,2021-10-25 23:00:17,26.0,b'{}'
1635199230048,2021-10-25 22:00:30,24.0,b'{}'
1635195617762,2021-10-25 21:00:17,20.0,b'{}'
1635192014160,2021-10-25 20:00:14,16.0,b'{}'
1635188415670,2021-10-25 19:00:15,14.0,b'{}'
1635184814414,2021-10-25 18:00:14,9.0,b'{}'
1635181224444,2021-10-25 17:00:24,5.0,b'{}'
1635177621023,2021-10-25 16:00:21,3.0,b'{}'
1635174021861,2021-10-25 15:00:21,1.0,b'{}'
1635170417498,2021-10-25 14:00:17,1.0,b'{}'
1635166821766,2021-10-25 13:00:21,0.0,b'{}'
1635163221384,2021-10-25 12:00:21,0.0,b'{}'
1635159628256,2021-10-25 11:00:28,0.0,b'{}'
1635156022669,2021-10-25 10:00:22,0.0,b'{}'
1635152423190,2021-10-25 09:00:23,0.0,b'{}'
1635148823861,2021-10-25 08:00:23,0.0,b'{}'
1635145221933,2021-10-25 07:00:21,0.0,b'{}'
1635141622493,2021-10-25 06:00:22,0.0,b'{}'
1635138022301,2021-10-25 05:00:22,0.0,b'{}'
1635134421445,2021-10-25 04:00:21,0.0,b'{}'
1635130818158,2021-10-25 03:00:18,9.0,b'{}'
1635127217950,2021-10-25 02:00:17,9.0,b'{}'
1635123619253,2021-10-25 01:00:19,9.0,b'{}'
1635120020085,2021-10-25 00:00:20,9.0,b'{}'
1635116421176,2021-10-24 23:00:21,8.0,b'{}'
1635112816332,2021-10-24 22:00:16,8.0,b'{}'
1635109220550,2021-10-24 21:00:20,7.0,b'{}'
1635105616088,2021-10-24 20:00:16,7.0,b'{}'
1635102018774,2021-10-24 19:00:18,6.0,b'{}'
1635098415239,2021-10-24 18:00:15,5.0,b'{}'
1635094823942,2021-10-24 17:00:23,4.0,b'{}'
1635091215316,2021-10-24 16:00:15,4.0,b'{}'
1635087622174,2021-10-24 15:00:22,3.0,b'{}'
1635084022664,2021-10-24 14:00:22,3.0,b'{}'
1635080423820,2021-10-24 13:00:23,3.0,b'{}'
1635076822612,2021-10-24 12:00:22,2.0,b'{}'
1635073221129,2021-10-24 11:00:21,2.0,b'{}'
1635069623904,2021-10-24 10:00:23,2.0,b'{}'
1635066023221,2021-10-24 09:00:23,2.0,b'{}'
1635062423897,2021-10-24 08:00:23,2.0,b'{}'
1635058823054,2021-10-24 07:00:23,2.0,b'{}'
1635055222556,2021-10-24 06:00:22,2.0,b'{}'
1635051619348,2021-10-24 05:00:19,2.0,b'{}'
1635048023121,2021-10-24 04:00:23,0.0,b'{}'
1635044422620,2021-10-24 03:00:22,95.0,b'{}'
Timestamp,Human readable date,daily,Context
1635386413189,2021-10-28 02:00:13,317.0,b'{}'
1635382813721,2021-10-28 01:00:13,297.0,b'{}'
1635379213186,2021-10-28 00:00:13,259.0,b'{}'
1635375614820,2021-10-27 23:00:14,212.0,b'{}'
1635372014523,2021-10-27 22:00:14,182.0,b'{}'
1635368414502,2021-10-27 21:00:14,149.0,b'{}'
1635364812387,2021-10-27 20:00:12,117.0,b'{}'
1635361214983,2021-10-27 19:00:14,95.0,b'{}'
1635357615977,2021-10-27 18:00:15,74.0,b'{}'
1635354015670,2021-10-27 17:00:15,53.0,b'{}'
1635350419947,2021-10-27 16:00:19,38.0,b'{}'
1635346815283,2021-10-27 15:00:15,17.0,b'{}'
1635343225879,2021-10-27 14:00:25,5.0,b'{}'
1635339621510,2021-10-27 13:00:21,5.0,b'{}'
1635336020371,2021-10-27 12:00:20,5.0,b'{}'
1635332422075,2021-10-27 11:00:22,5.0,b'{}'
1635328819196,2021-10-27 10:00:19,5.0,b'{}'
1635325221010,2021-10-27 09:00:21,5.0,b'{}'
1635321615878,2021-10-27 08:00:15,5.0,b'{}'
1635318020100,2021-10-27 07:00:20,3.0,b'{}'
1635314422100,2021-10-27 06:00:22,3.0,b'{}'
1635310820639,2021-10-27 05:00:20,3.0,b'{}'
1635307241292,2021-10-27 04:00:41,3.0,b'{}'
1635303616438,2021-10-27 03:00:16,135.0,b'{}'
1635300018189,2021-10-27 02:00:18,135.0,b'{}'
1635296412612,2021-10-27 01:00:12,126.0,b'{}'
1635292817594,2021-10-27 00:00:17,104.0,b'{}'
1635289214436,2021-10-26 23:00:14,88.0,b'{}'
1635285611332,2021-10-26 22:00:11,74.0,b'{}'
1635282013698,2021-10-26 21:00:13,63.0,b'{}'
1635278418202,2021-10-26 20:00:18,51.0,b'{}'
1635274813976,2021-10-26 19:00:13,36.0,b'{}'
1635271214434,2021-10-26 18:00:14,20.0,b'{}'
1635267611878,2021-10-26 17:00:11,11.0,b'{}'
1635264012570,2021-10-26 16:00:12,4.0,b'{}'
1635260413235,2021-10-26 15:00:13,2.0,b'{}'
1635256824253,2021-10-26 14:00:24,0.0,b'{}'
1635253222491,2021-10-26 13:00:22,0.0,b'{}'
1635249618631,2021-10-26 12:00:18,0.0,b'{}'
1635246023954,2021-10-26 11:00:23,0.0,b'{}'
1635242426198,2021-10-26 10:00:26,0.0,b'{}'
1635238821536,2021-10-26 09:00:21,0.0,b'{}'
1635235225798,2021-10-26 08:00:25,0.0,b'{}'
1635231624308,2021-10-26 07:00:24,0.0,b'{}'
1635228022046,2021-10-26 06:00:22,0.0,b'{}'
1635224422756,2021-10-26 05:00:22,0.0,b'{}'
1635220825895,2021-10-26 04:00:25,0.0,b'{}'
1635217220233,2021-10-26 03:00:20,52.0,b'{}'
1635213627578,2021-10-26 02:00:27,52.0,b'{}'
1635210014676,2021-10-26 01:00:14,51.0,b'{}'
1635206417176,2021-10-26 00:00:17,39.0,b'{}'
1635202814730,2021-10-25 23:00:14,31.0,b'{}'
1635199215385,2021-10-25 22:00:15,22.0,b'{}'
1635195688875,2021-10-25 21:01:28,16.0,b'{}'
1635195653466,2021-10-25 21:00:53,16.0,b'{}'
1635192017045,2021-10-25 20:00:17,5.0,b'{}'
1635188415100,2021-10-25 19:00:15,3.0,b'{}'
1635184818325,2021-10-25 18:00:18,2.0,b'{}'
1635181220721,2021-10-25 17:00:20,2.0,b'{}'
1635177620480,2021-10-25 16:00:20,2.0,b'{}'
1635174013333,2021-10-25 15:00:13,2.0,b'{}'
1635170421567,2021-10-25 14:00:21,0.0,b'{}'
1635166818554,2021-10-25 13:00:18,0.0,b'{}'
1635163223468,2021-10-25 12:00:23,0.0,b'{}'
1635159622182,2021-10-25 11:00:22,0.0,b'{}'
1635156021585,2021-10-25 10:00:21,0.0,b'{}'
1635152422843,2021-10-25 09:00:22,0.0,b'{}'
1635148822998,2021-10-25 08:00:22,0.0,b'{}'
1635145226638,2021-10-25 07:00:26,0.0,b'{}'
1635141619245,2021-10-25 06:00:19,0.0,b'{}'
1635138025187,2021-10-25 05:00:25,0.0,b'{}'
1635134422976,2021-10-25 04:00:22,0.0,b'{}'
1635130825653,2021-10-25 03:00:25,55.0,b'{}'
1635127225764,2021-10-25 02:00:25,55.0,b'{}'
1635123614701,2021-10-25 01:00:14,54.0,b'{}'
1635120016026,2021-10-25 00:00:16,52.0,b'{}'
1635116418974,2021-10-24 23:00:18,50.0,b'{}'
1635112817116,2021-10-24 22:00:17,48.0,b'{}'
1635109221490,2021-10-24 21:00:21,44.0,b'{}'
1635105615937,2021-10-24 20:00:15,39.0,b'{}'
1635102018988,2021-10-24 19:00:18,36.0,b'{}'
1635098412802,2021-10-24 18:00:12,28.0,b'{}'
1635094816565,2021-10-24 17:00:16,20.0,b'{}'
1635091221467,2021-10-24 16:00:21,7.0,b'{}'
1635087626187,2021-10-24 15:00:26,2.0,b'{}'
1635084019592,2021-10-24 14:00:19,2.0,b'{}'
1635080421058,2021-10-24 13:00:21,2.0,b'{}'
1635076823553,2021-10-24 12:00:23,2.0,b'{}'
1635073219081,2021-10-24 11:00:19,2.0,b'{}'
1635069619689,2021-10-24 10:00:19,2.0,b'{}'
1635066018982,2021-10-24 09:00:18,2.0,b'{}'
1635062414103,2021-10-24 08:00:14,2.0,b'{}'
1635058815805,2021-10-24 07:00:15,1.0,b'{}'
1635055220591,2021-10-24 06:00:20,0.0,b'{}'
1635051622186,2021-10-24 05:00:22,0.0,b'{}'
1635048023733,2021-10-24 04:00:23,0.0,b'{}'
1635044416950,2021-10-24 03:00:16,969.0,b'{}'
